scenario,trial,year,application,substance,manufacture,import,recycle,domesticConsumption,importConsumption,recycleConsumption,population,populationNew,rechargeEmissions,eolEmissions,energyConsumption,export,exportConsumption,importInitialChargeValue,importInitialChargeConsumption,importPopulation,exportInitialChargeValue,exportInitialChargeConsumption
result,1,1,test,test,100000.000000000000000000000000000005000000000000000,49999.999999999999999999999999999995000000000000000,0,500.0000000000000000000000000000000,250.0000000000000000000000000000000,0,100000.0000000000,100000.0000000000,0,0,0,0,0,49999.999999999999999999999999999995000000000000000,250.0000000000000000000000000000000,50000.00000000000000000000000000000,0,0
result,1,2,test,test,115625.0000000000416666666666666666721666666666666687500000000000000000000000000000000,23125.0000000000083333333333333333278333333333333312500000000000000000000000000000000,11250.00000000000000,578.1250000000002083333333333333335,115.6250000000000416666666666666666,56.25000000000000,164895.8333333334,64895.8333333334,193.75000000000000,0,0,0,0,16666.6666666666749999999999999999970833333333333312500000000000000000000000000000000,83.33333333333337500000000000000000,16666.66666666667500000000000000000,0,0
result,1,3,test,test,107500.000000000000000000000000000005375000000000000,53749.999999999999999999999999999994625000000000000,0,537.5000000000000000000000000000000,268.7500000000000000000000000000000,0,217430.5555555556,52534.7222222222,412.2395833333335,0,0,0,0,26267.36111111109999999999999999999737326388888889000,131.3368055555555000000000000000000,26267.36111111110000000000000000000,0,0
